{"presets":{"Tokyo":{"shop_home_page_featured_text_bg_color":"#e9e2d5","logo_color":"#867465","header_bg_color":"#ffffff","top_menu_color":"#867566","nav_color":"#867566","nav_color_hover":"#f09c05","nav_color_active":"#f09c05","dropdown_background_color":"#ffffff","dropdown_border_color":"#d5c3aa","table_styles_enabled":true,"headline_color":"#867465","headline_border_color":"#363636","regular_color":"#404040","testimonial_bg_color":"#ffffff","testimonial_text_color":"#404040","link_color":"#867465","link_hover_color":"#282c30","shop_bg_color":"#ffffff","border_color":"#d5c3aa","banner_color":"#ffffff","featured_links_background":"#ffffff","btn_color":"#f09c05","btn_hover_color":"#574b41","btn_text_color":"#FFFFFF","button_style":"round","social_icons_color":"#867465","social_icons_color_hover":"#9da6ae","promo_bg_color":"#867465","promo_text_color":"#ffffff","sale_color":"#867465","was_price_color":"#9da6ae","sale_banner_color":"#48842d","new_banner_color":"#867465","modal_background_color":"#FFFFFF","quick_shop_button_color":"#303030","quick_shop_button_hover_color":"#f09c05","quick_shop_text_color":"#FFF","headline_footer_text_color":"#404040","footer_text_color":"#404040","footer_link_color":"#1f2021","footer_link_color_hover":"#3d4247","footer_border_color":"#e9e2d5","footer_color":"#e9e2d5","use_custom_footer_image":false,"home_page_border_color":"#e9e2d5","shop_home_page_bg_color":"#e9e2d5","shop_use_home_page_content_bg_color":true,"use_custom_bg_image":false,"repeat_bg":"repeat","bg_fixed":false,"bg_stretched":false,"password_page_heading_color":"#ffffff","password_page_text_color":"#ffffff","password_page_background_color":"#000000","use_password_bg_image":true,"pagework_page_bg_stretched":true,"newsletter_popup_color":"#404040","newsletter_popup_background_color":"#ffffff","use_newsletter_bg_image":false,"newsletter_bg_stretched":false,"logo_font":"Google_Asap","logo_weight":"normal","logo_font_style":"none","logo_font_size":"34","headline_font":"Google_Merriweather","headline_weight":"normal","headline_font_style":"none","headline_font_size":"26","headline_letter_spacing":"0","headline_border":"thin_short","nav_font":"Google_Asap","nav_weight":"normal","nav_font_style":"none","nav_font_size":"17","nav_letter_spacing":"0","top_menu_size":"15","regular_font":"Google_Asap","regular_weight":"normal","regular_font_style":"none","regular_font_size":"15","button_weight":"bold","button_font_style":"uppercase","button_font_size":"14","button_letter_spacing":"1","footer_font_size":"15","slideshow_headline_size":"42","slideshow_headline_weight":"normal","slideshow_subtitle_font":"Google_Asap","slideshow_subtitle_weight":"normal","slideshow_subtitle_font_style":"none","slideshow_subtitle_font_text":"normal","slideshow_subtitle_size":"20","use_logo":false,"logo_width":"240","cart_icon":"bag","display_search_box":true,"search_option":"products","main_linklist":"main-menu","top_bar_linklist":"","phone_number":"","logo_top_padding":"12","menu_top_padding":"4","promo_text":"","featured_content_page":"","footer_linklist_1":"main-menu","footer_linklist_2":"footer","footer_content_page":"","copyright_text":"","display_designed_by":true,"display_payment_methods":true,"slideshow_enabled":true,"slideshow_animation":"fade","slideshow_text_animation":"fadeInUp","slideshow_stretch":true,"slideshow_speed":"6","slideshow_1_enabled":true,"image_1_alt_text":"Mobilia Shopify Theme","image_1_headline":"Mobilia Shopify Theme","image_1_subtitle":"","image_1_text_align":"center","image_1_button_text":"","image_1_link":"","slideshow_2_enabled":true,"image_2_alt_text":"","image_2_headline":"","image_2_subtitle":"","image_2_text_align":"left","image_2_button_text":"","image_2_link":"","slideshow_3_enabled":false,"image_3_alt_text":"","image_3_headline":"","image_3_subtitle":"","image_3_text_align":"center","image_3_button_text":"","image_3_link":"","slideshow_4_enabled":false,"image_4_alt_text":"","image_4_headline":"","image_4_subtitle":"","image_4_text_align":"left","image_4_button_text":"","image_4_link":"","slideshow_5_enabled":false,"image_5_alt_text":"","image_5_headline":"","image_5_subtitle":"","image_5_text_align":"left","image_5_button_text":"","image_5_link":"","slideshow_6_enabled":false,"image_6_alt_text":"","image_6_headline":"","image_6_subtitle":"","image_6_text_align":"left","image_6_button_text":"","image_6_link":"","banner_1_alt_text":"","banner_1_headline":"","banner_1_subtitle":"","banner_1_text_align":"center","banner_1_button_text":"","banner_1_link":"","banner_2_alt_text":"","banner_2_headline":"","banner_2_subtitle":"","banner_2_text_align":"left","banner_2_button_text":"","banner_2_link":"","banner_3_alt_text":"","banner_3_headline":"","banner_3_subtitle":"","banner_3_text_align":"left","banner_3_button_text":"","banner_3_link":"","frontpage_linklist":"","featured_links_per_row":"2","frontpage_text_align":"left","enable_featured_link_description":true,"enable_featured_link_button":true,"featured_promos_per_row":"4","featured_promos_grid":"full_width","promo_text_on_image_enabled":true,"feature1_enabled":true,"feature1_link":"","feature1_title":"Feature 1","feature1_description":"","feature1_button":"","feature2_enabled":true,"feature2_link":"","feature2_title":"Feature 2","feature2_description":"","feature2_button":"","feature3_enabled":true,"feature3_link":"","feature3_title":"Feature 3","feature3_description":"","feature3_button":"","feature4_enabled":true,"feature4_link":"","feature4_title":"Feature 4","feature4_description":"","feature4_button":"","feature5_enabled":false,"feature5_link":"","feature5_title":"Feature 5","feature5_description":"","feature5_button":"","feature6_enabled":false,"feature6_link":"Feature 6","feature6_title":"","feature6_description":"","feature6_button":"","feature7_enabled":false,"feature7_link":"","feature7_title":"Feature 7","feature7_description":"","feature7_button":"","feature8_enabled":false,"feature8_link":"","feature8_title":"Feature 8","feature8_description":"","feature8_button":"","frontpage_collection":"","frontpage_collection2":"","frontpage_products_per_row":"4","frontpage_collection_full":"","frontpage_display_description":true,"frontpage_product_stagger":false,"homepage":"","homepage2":"","homepage3":"","blog_widget_select":"news","home_page_articles":"3","twitter_widget":false,"twitter_username":"","twitter_content_page":"","twitter_location":"left","twitter_theme":"light","tweet_count":"2","instagram_client_id":"","instagram_title":"Follow us on Instagram","instagram_count":"1","banner_video_source":"vimeo","aspect_ratio":"16:9","banner_video_autoloop":true,"banner_video_autoplay":false,"banner_video_text":false,"video_dark_overlay":false,"banner_video_id":"87701971","banner_video_mp4":"","banner_video_ogv":"","banner_video_headline":"","banner_video_subtitle":"","banner_video_text_align":"left","banner_video_button_text":"","banner_video_link":"","product_breadcrumb":true,"display_tags":true,"display_type":true,"display_vendor":false,"display_collections":false,"display_sku":false,"display_product_quantity":false,"display_inventory_left":false,"notify_me_form":false,"display_related_products":true,"product_images_position":"left","product_slideshow_animation":"fade","thumbnail_position":"left-thumbnails","product_form_style":"dropdown","product_description_position":"top","free_price_text":"Free","size_chart":"","enable_shopify_review_comments":false,"review_position":"bottom","enable_shopify_collection_badges":false,"enable_shopify_product_badges":false,"products_per_row":"3","mobile_products_per_row":"2","pagination_limit":"48","align_height":false,"collection_height":"200","collection_detail_position":"center","collection_tags":true,"tag_threshold":"5","collection_sort":false,"display_vendor_collection":false,"sale_banner_enabled":true,"collection_swatches":false,"quick_shop_enabled":true,"quick_shop_full_description":false,"description_words":"15","collection_sidebar":false,"collection_sidebar_linklist":"","collection_sidebar_linklist2":"","filter_by_category":false,"filter_by_tag":false,"collection_sidebar_products":false,"collection_sidebar_vendors":false,"collection_sidebar_page":"","cart_action":"ajax","display_special_instructions":true,"display_tos_checkbox":false,"show_shipping_calculator":true,"shipping_calculator_default_country":"United States","contact_address":"","zoom_level":"12","blog_posts_per_page":"12","blog_posts_per_row":"3","blog_tags":false,"blog_author":true,"blog_date":true,"blog_comment_count":false,"read_more_link":false,"blog_additional_articles":true,"slideshow_article_enabled":false,"sidebar_enabled":false,"blog_search":true,"blog_newsletter":true,"display_recent_articles":true,"blog_sidebar_tags":true,"blog_content_page":"","disqus_enabled":false,"disqus_shortname":"","show_multiple_currencies":false,"currency_format":"money_with_currency_format","supported_currencies":"USD CAD INR GBP AUD EUR JPY","default_currency":"USD","mailchimp_link":"","footer_newsletter":true,"display_first_name":false,"display_last_name":false,"newsletter_popup":false,"newsletter_popup_form":true,"newsletter_popup_page":"","newsletter_popup_seconds":"2","newsletter_popup_days":"30","newsletter_popup_max_width":"600","display_social_buttons":true,"header_social_icons":true,"footer_social_icons":true,"twitter_link":"https:\/\/twitter.com\/shopify","facebook_link":"https:\/\/facebook.com\/shopify","google_link":"","youtube_link":"","vimeo_link":"","pinterest_link":"","tumblr_link":"","instagram_link":"","snapchat_link":"","houzz_link":"","linkedin_link":"","email_link":"","checkout_use_header_image":false,"checkout_header_image":"","checkout_logo":"","checkout_logo_image":"","checkout_logo_position":"left","checkout_logo_size":"medium","checkout_use_body_background_image":false,"checkout_body_background_image":"","checkout_body_background_color":"#fff","checkout_input_background_color_mode":"white","checkout_use_sidebar_background_image":false,"checkout_sidebar_background_image":"","checkout_sidebar_background_color":"#fafafa","checkout_heading_font":"Helvetica Neue","checkout_body_font":"Helvetica Neue","checkout_accent_color":"#f09c05","checkout_button_color":"#f09c05","checkout_error_color":"#ff6d6d","cart_link":"\/checkout","shop_use_header_bg_color":false,"shop_use_content_bg_color":false,"shop_content_bg_color":"","blog_widget":true,"checkout_banner_background_color":"#ffffff","checkout_call_to_action_color":"#ffa02f","checkout_background_color":"#ffffff","checkout_background_image":false,"checkout_text_color":"#404040","checkout_headline_color":"#303030","collection_top_sidebar_page":"","video_width":"set","social_icons":"dark","header_share_button":false,"logo_typeface_method":"google_webfonts","logo_websafe_font":"Helvetica, Arial, sans-serif","headline_typeface_method":"google_webfonts","headline_websafe_font":"Helvetica, Arial, sans-serif","nav_typeface_method":"websafe","nav_google_webfont_font":"Open+Sans+Condensed","regular_typeface_method":"websafe","regular_google_webfont_font":"Open+Sans","slideshow_width_narrow":false,"slideshow_subtitle_typeface_method":"google_webfonts","slideshow_subtitle_websafe_font":"'HelveticaNeue-Light', 'Helvetica Neue Light', 'Helvetica Neue', Helvetica, Arial, sans-serif","image_1_text_color":"#ffffff","image_2_text_color":"#ffffff","image_3_text_color":"#ffffff","image_4_text_color":"#ffffff","image_5_text_color":"#ffffff","image_6_text_color":"#ffffff","display_pinterest_button":true,"display_fancy_button":true,"option_to_match":"","quick_shop_text":"+ Quick View","tax_included":false,"shipping_calculator_heading":"Shipping rates calculator","shipping_calculator_submit_button_label":"Calculate shipping rates","shipping_calculator_submit_button_label_disabled":"Calculating...","display_social_buttons_blog":true,"newsletter_enabled":true,"newsletter_text":"Mailing List","newsletter_description":"Sign up to get the latest on sales, new releases and more …","newsletter_system":"shopify","social_text":"Social","flickr_link":"","blog_rss":"news","use_paypal":false,"use_bitcoin":false,"use_visa":false,"use_visaelectron":false,"use_mastercard":false,"use_amex":false,"use_cirrus":false,"use_delta":false,"use_discover":false,"use_google_checkout":false,"use_western_union":false,"sections":{"header":{"type":"header","settings":{"logo":"","logo_width":"280","cart_icon":"cart","display_search_box":true,"main_linklist":"main-menu","top_bar_linklist":"","phone_number":"","logo_top_padding":"0","menu_top_padding":"0","announcement_message":"","announcement_link":""}},"footer":{"type":"footer","settings":{"footer_linklist_1":"main-menu","footer_linklist_2":"footer","footer_content_page":"","copyright_text":"","display_designed_by":true,"display_payment_methods":true}},"1479351462524":{"type":"slideshow","blocks":{"1479351462524-0":{"type":"image","settings":{"image":"","title":"Mobilia Shopify Theme","subtitle":"","text_position":"center","text_align":"center","link":""}},"1479351462524-1":{"type":"image","settings":{"image":"","title":"","subtitle":"","text_position":"center","text_align":"left","link":""}}},"block_order":["1479351462524-0","1479351462524-1"],"settings":{"slideshow_animation":"fade","slideshow_text_animation":"fadeInUp","slideshow_stretch":true,"slideshow_speed":"6"}},"1481508702376":{"type":"image-with-text-overlay-section","settings":{"image_stretch":true,"image":"","title":"Your Headline","subtitle":"Subtext","text_position":"center","text_align":"center","button_label":"","link":""}},"1481508718225":{"type":"featured-text","settings":{"image":"","title":"Talk about your brand","content":"<p>Use this text to share information about your brand with your customers. Describe a product, share announcements, or welcome customers to your store.<\/p>","text_size":"featured_text","text_alignment":"center","button_label":"","button_link":""}},"1481508727922":{"type":"featured-promotions","blocks":{"1481508727922-0":{"type":"image","settings":{}},"1481508727922-1":{"type":"image","settings":{}},"1481508727922-2":{"type":"image","settings":{}}},"block_order":["1481508727922-0","1481508727922-1","1481508727922-2"],"settings":{"featured_promos_per_row":"3","featured_promos_grid":"full_width","promo_text_on_image_enabled":true}},"1481509059475":{"type":"featured-collection","settings":{"title":"Featured collection","frontpage_collection":"","frontpage_products_per_row":"3","frontpage_products_limit":"12"}},"1481509538374":{"type":"instagram","settings":{"instagram_client_id":"","instagram_count":"1"}},"1481511153564":{"type":"featured-blog","settings":{"title":"Blog posts","blog_widget_select":"","home_page_articles":"4"}}},"content_for_index":["1479351462524","1481508718225","1481508727922","1481509059475","1481508702376","1481511153564","1481509538374"]},"Sydney":{"shop_home_page_featured_text_bg_color":"#ffffff","logo_color":"#040707","header_bg_color":"#ffffff","top_menu_color":"#828181","nav_color":"#040707","nav_color_hover":"#be8a2b","nav_color_active":"#be8a2b","dropdown_background_color":"#ffffff","dropdown_border_color":"#040707","table_styles_enabled":true,"headline_color":"#be8a2b","headline_border_color":"#545454","regular_color":"#545454","testimonial_bg_color":"#ffffff","testimonial_text_color":"#545454","link_color":"#be8a2b","link_hover_color":"#080809","shop_bg_color":"#ffffff","border_color":"#d8d8d8","banner_color":"#ffffff","featured_links_background":"#ffffff","btn_color":"#160f03","btn_hover_color":"#be8a2b","btn_text_color":"#ffffff","button_style":"square","social_icons_color":"#be8a2b","social_icons_color_hover":"#0a0a0a","promo_bg_color":"#1e1e1e","promo_text_color":"#e7e6e4","sale_color":"#be8a2b","was_price_color":"#808080","sale_banner_color":"#050505","new_banner_color":"#050505","modal_background_color":"#ffffff","quick_shop_button_color":"#303030","quick_shop_button_hover_color":"#be8a2b","quick_shop_text_color":"#FFF","headline_footer_text_color":"#be8a2b","footer_text_color":"#918d8d","footer_link_color":"#d6d2d2","footer_link_color_hover":"#be8a2b","footer_border_color":"#1e1e1e","footer_color":"#1e1e1e","use_custom_footer_image":false,"home_page_border_color":"#f2f2f2","shop_home_page_bg_color":"#ffffff","shop_use_home_page_content_bg_color":true,"use_custom_bg_image":false,"repeat_bg":"repeat","bg_fixed":false,"bg_stretched":true,"password_page_heading_color":"#be8a2b","password_page_text_color":"#ffffff","password_page_background_color":"#000000","use_password_bg_image":true,"pagework_page_bg_stretched":true,"newsletter_popup_color":"#545454","newsletter_popup_background_color":"#ffffff","use_newsletter_bg_image":true,"newsletter_bg_stretched":false,"logo_font":"Google_Glegoo","logo_weight":"bold","logo_font_style":"none","logo_font_size":"26","headline_font":"Google_Glegoo","headline_weight":"bold","headline_font_style":"none","headline_font_size":"26","headline_letter_spacing":"0","headline_border":"wide_short","nav_font":"Google_Glegoo","nav_weight":"bold","nav_font_style":"uppercase","nav_font_size":"15","nav_letter_spacing":"0","top_menu_size":"13","regular_font":"'HelveticaNeue-Light', 'Helvetica Neue Light', 'HelveticaNeue', 'Helvetica Neue', Helvetica, Arial, sans-serif","regular_weight":"normal","regular_font_style":"none","regular_font_size":"16","button_weight":"bold","button_font_style":"uppercase","button_font_size":"15","button_letter_spacing":"0","footer_font_size":"15","slideshow_headline_size":"38","slideshow_headline_weight":"bold","slideshow_subtitle_font":"Google_Raleway","slideshow_subtitle_weight":"normal","slideshow_subtitle_font_style":"none","slideshow_subtitle_font_text":"normal","slideshow_subtitle_size":"20","use_logo":false,"logo_width":"240","cart_icon":"bag","display_search_box":true,"search_option":"products","main_linklist":"main-menu","top_bar_linklist":"","phone_number":"","logo_top_padding":"6","menu_top_padding":"0","promo_text":"","featured_content_page":"","footer_linklist_1":"main-menu","footer_linklist_2":"footer","footer_content_page":"","copyright_text":"","display_designed_by":true,"display_payment_methods":true,"slideshow_enabled":true,"slideshow_animation":"fade","slideshow_text_animation":"fadeInDown","slideshow_stretch":true,"slideshow_speed":"6","slideshow_1_enabled":true,"image_1_alt_text":"Mobilia Shopify Theme","image_1_headline":"Mobilia Shopify Theme","image_1_subtitle":"","image_1_text_align":"center","image_1_button_text":"","image_1_link":"","slideshow_2_enabled":true,"image_2_alt_text":"","image_2_headline":"","image_2_subtitle":"","image_2_text_align":"right","image_2_button_text":"","image_2_link":"","slideshow_3_enabled":false,"image_3_alt_text":"","image_3_headline":"","image_3_subtitle":"","image_3_text_align":"center","image_3_button_text":"","image_3_link":"","slideshow_4_enabled":false,"image_4_alt_text":"","image_4_headline":"","image_4_subtitle":"","image_4_text_align":"left","image_4_button_text":"","image_4_link":"","slideshow_5_enabled":false,"image_5_alt_text":"","image_5_headline":"","image_5_subtitle":"","image_5_text_align":"left","image_5_button_text":"","image_5_link":"","slideshow_6_enabled":false,"image_6_alt_text":"","image_6_headline":"","image_6_subtitle":"","image_6_text_align":"left","image_6_button_text":"","image_6_link":"","banner_1_alt_text":"","banner_1_headline":"","banner_1_subtitle":"","banner_1_text_align":"left","banner_1_button_text":"","banner_1_link":"","banner_2_alt_text":"","banner_2_headline":"","banner_2_subtitle":"","banner_2_text_align":"left","banner_2_button_text":"","banner_2_link":"","banner_3_alt_text":"","banner_3_headline":"","banner_3_subtitle":"","banner_3_text_align":"left","banner_3_button_text":"","banner_3_link":"","frontpage_linklist":"","featured_links_per_row":"2","frontpage_text_align":"left","enable_featured_link_description":true,"enable_featured_link_button":true,"featured_promos_per_row":"4","featured_promos_grid":"full_width","promo_text_on_image_enabled":true,"feature1_enabled":true,"feature1_link":"","feature1_title":"Feature 1","feature1_description":"","feature1_button":"","feature2_enabled":true,"feature2_link":"","feature2_title":"Feature 2","feature2_description":"","feature2_button":"","feature3_enabled":true,"feature3_link":"","feature3_title":"Feature 3","feature3_description":"","feature3_button":"","feature4_enabled":true,"feature4_link":"","feature4_title":"Feature 4","feature4_description":"","feature4_button":"","feature5_enabled":false,"feature5_link":"","feature5_title":"Feature 5","feature5_description":"","feature5_button":"","feature6_enabled":false,"feature6_link":"Feature 6","feature6_title":"","feature6_description":"","feature6_button":"","feature7_enabled":false,"feature7_link":"","feature7_title":"Feature 7","feature7_description":"","feature7_button":"","feature8_enabled":false,"feature8_link":"","feature8_title":"Feature 8","feature8_description":"","feature8_button":"","frontpage_collection":"","frontpage_collection2":"","frontpage_products_per_row":"3","frontpage_collection_full":"","frontpage_display_description":false,"frontpage_product_stagger":false,"homepage":"","homepage2":"","homepage3":"","blog_widget_select":"news","home_page_articles":"3","twitter_widget":false,"twitter_username":"","twitter_content_page":"","twitter_location":"right","twitter_theme":"light","tweet_count":"2","instagram_client_id":"","instagram_title":"Instagram","instagram_count":"1","banner_video_source":"vimeo","aspect_ratio":"16:9","banner_video_autoloop":true,"banner_video_autoplay":false,"banner_video_text":false,"video_dark_overlay":false,"banner_video_id":"174048285","banner_video_mp4":"","banner_video_ogv":"","banner_video_headline":"","banner_video_subtitle":"","banner_video_text_align":"","banner_video_button_text":"","banner_video_link":"","product_breadcrumb":true,"display_tags":false,"display_type":false,"display_vendor":false,"display_collections":true,"display_sku":false,"display_product_quantity":false,"display_inventory_left":false,"notify_me_form":true,"display_related_products":true,"product_images_position":"left","product_slideshow_animation":"slide","thumbnail_position":"bottom-thumbnails","product_form_style":"dropdown","product_description_position":"top","free_price_text":"Free","size_chart":"","enable_shopify_review_comments":false,"review_position":"bottom","enable_shopify_collection_badges":false,"enable_shopify_product_badges":false,"products_per_row":"3","mobile_products_per_row":"2","pagination_limit":"48","align_height":false,"collection_height":"200","collection_detail_position":"center","collection_tags":true,"tag_threshold":"5","collection_sort":true,"display_vendor_collection":false,"sale_banner_enabled":true,"collection_swatches":false,"quick_shop_enabled":true,"quick_shop_full_description":false,"description_words":"15","collection_sidebar":false,"collection_sidebar_linklist":"","collection_sidebar_linklist2":"","filter_by_category":false,"filter_by_tag":false,"collection_sidebar_products":false,"collection_sidebar_vendors":false,"collection_sidebar_page":"","cart_action":"ajax","display_special_instructions":true,"display_tos_checkbox":false,"show_shipping_calculator":true,"shipping_calculator_default_country":"United States","contact_address":"","zoom_level":"12","blog_posts_per_page":"4","blog_posts_per_row":"1","blog_tags":true,"blog_author":true,"blog_date":true,"blog_comment_count":true,"read_more_link":false,"blog_additional_articles":true,"slideshow_article_enabled":false,"sidebar_enabled":true,"blog_search":true,"blog_newsletter":true,"display_recent_articles":true,"blog_sidebar_tags":true,"blog_content_page":"","disqus_enabled":false,"disqus_shortname":"","show_multiple_currencies":false,"currency_format":"money_format","supported_currencies":"USD CAD INR GBP AUD EUR JPY","default_currency":"USD","mailchimp_link":"","footer_newsletter":true,"display_first_name":false,"display_last_name":false,"newsletter_popup":false,"newsletter_popup_form":true,"newsletter_popup_page":"","newsletter_popup_seconds":"2","newsletter_popup_days":"7","newsletter_popup_max_width":"600","display_social_buttons":true,"header_social_icons":true,"footer_social_icons":true,"twitter_link":"https:\/\/twitter.com\/shopify","facebook_link":"https:\/\/facebook.com\/shopify","google_link":"","youtube_link":"","vimeo_link":"","pinterest_link":"","tumblr_link":"","instagram_link":"","snapchat_link":"","houzz_link":"","linkedin_link":"","email_link":"","checkout_use_header_image":false,"checkout_logo":"logo.png","checkout_use_storefront_logo":"","checkout_logo_image":"","checkout_logo_position":"left","checkout_logo_size":"medium","checkout_use_body_background_image":false,"checkout_body_background_image":"","checkout_body_background_color":"#fff","checkout_input_background_color_mode":"white","checkout_use_sidebar_background_image":false,"checkout_sidebar_background_image":"","checkout_sidebar_background_color":"#fafafa","checkout_heading_font":"Helvetica Neue","checkout_body_font":"Helvetica Neue","checkout_accent_color":"#bd9655","checkout_button_color":"#bd9655","checkout_error_color":"#040707","cart_link":"\/checkout","blog_widget":true,"shop_content_bg_color":"","checkout_banner_background_color":"#ffffff","checkout_call_to_action_color":"#ffa02f","checkout_background_color":"#ffffff","checkout_background_image":false,"checkout_text_color":"#404040","checkout_headline_color":"#303030","collection_top_sidebar_page":"","video_width":"set","social_icons":"dark","header_share_button":false,"shop_use_content_bg_color":false,"logo_typeface_method":"google_webfonts","logo_websafe_font":"Helvetica, Arial, sans-serif","headline_typeface_method":"google_webfonts","headline_websafe_font":"Helvetica, Arial, sans-serif","nav_typeface_method":"websafe","nav_google_webfont_font":"Open+Sans+Condensed","regular_typeface_method":"websafe","regular_google_webfont_font":"Open+Sans","slideshow_width_narrow":false,"slideshow_subtitle_typeface_method":"google_webfonts","slideshow_subtitle_websafe_font":"'HelveticaNeue-Light', 'Helvetica Neue Light', 'Helvetica Neue', Helvetica, Arial, sans-serif","image_1_text_color":"#ffffff","image_2_text_color":"#ffffff","image_3_text_color":"#ffffff","image_4_text_color":"#ffffff","image_5_text_color":"#ffffff","image_6_text_color":"#ffffff","display_pinterest_button":true,"display_fancy_button":true,"option_to_match":"","quick_shop_text":"+ Quick View","tax_included":false,"shipping_calculator_heading":"Shipping rates calculator","shipping_calculator_submit_button_label":"Calculate shipping rates","shipping_calculator_submit_button_label_disabled":"Calculating...","display_social_buttons_blog":true,"newsletter_enabled":true,"newsletter_text":"Mailing List","newsletter_description":"Sign up to get the latest on sales, new releases and more …","newsletter_system":"shopify","social_text":"Social","flickr_link":"","blog_rss":"news","use_paypal":false,"use_bitcoin":false,"use_visa":false,"use_visaelectron":false,"use_mastercard":false,"use_amex":false,"use_cirrus":false,"use_delta":false,"use_discover":false,"use_google_checkout":false,"use_western_union":false,"sections":{"header":{"type":"header","settings":{"logo":"","logo_width":"280","cart_icon":"cart","display_search_box":true,"main_linklist":"main-menu","top_bar_linklist":"","phone_number":"","logo_top_padding":"0","menu_top_padding":"0","announcement_message":"","announcement_link":""}},"footer":{"type":"footer","settings":{"footer_linklist_1":"main-menu","footer_linklist_2":"footer","footer_content_page":"","copyright_text":"","display_designed_by":true,"display_payment_methods":true}},"1479351462524":{"type":"slideshow","blocks":{"1479351462524-0":{"type":"image","settings":{"image":"","title":"Mobilia Shopify Theme","subtitle":"","text_position":"center","text_align":"center","link":""}},"1479351462524-1":{"type":"image","settings":{"image":"","title":"","subtitle":"","text_position":"center","text_align":"left","link":""}}},"block_order":["1479351462524-0","1479351462524-1"],"settings":{"slideshow_animation":"fade","slideshow_text_animation":"fadeInUp","slideshow_stretch":true,"slideshow_speed":"6"}},"1481508702376":{"type":"image-with-text-overlay-section","settings":{"image_stretch":true,"image":"","title":"Your Headline","subtitle":"Subtext","text_position":"center","text_align":"center","button_label":"","link":""}},"1481508718225":{"type":"featured-text","settings":{"image":"","title":"Talk about your brand","content":"<p>Use this text to share information about your brand with your customers. Describe a product, share announcements, or welcome customers to your store.<\/p>","text_size":"featured_text","text_alignment":"center","button_label":"","button_link":""}},"1481508727922":{"type":"featured-promotions","blocks":{"1481508727922-0":{"type":"image","settings":{}},"1481508727922-1":{"type":"image","settings":{}},"1481508727922-2":{"type":"image","settings":{}}},"block_order":["1481508727922-0","1481508727922-1","1481508727922-2"],"settings":{"featured_promos_per_row":"3","featured_promos_grid":"full_width","promo_text_on_image_enabled":true}},"1481509059475":{"type":"featured-collection","settings":{"title":"Featured collection","frontpage_collection":"","frontpage_products_per_row":"3","frontpage_products_limit":"12"}},"1481509538374":{"type":"instagram","settings":{"instagram_client_id":"","instagram_count":"1"}},"1481511153564":{"type":"featured-blog","settings":{"title":"Blog posts","blog_widget_select":"","home_page_articles":"4"}}},"content_for_index":["1479351462524","1481508718225","1481508727922","1481509059475","1481508702376","1481511153564","1481509538374"]},"Milan":{"shop_home_page_featured_text_bg_color":"#f4f4f4","logo_color":"#030303","header_bg_color":"#f4f4f4","top_menu_color":"#2e2d2c","nav_color":"#2e2d2c","nav_color_hover":"#dd390d","nav_color_active":"#666666","dropdown_background_color":"#f4f4f4","dropdown_border_color":"#f4f4f4","table_styles_enabled":true,"headline_color":"#2e2d2c","headline_border_color":"#363636","regular_color":"#2e2d2c","testimonial_bg_color":"#ffffff","testimonial_text_color":"#2e2d2c","link_color":"#dd390d","link_hover_color":"#3d4247","shop_bg_color":"#ffffff","border_color":"#e0e0e0","banner_color":"#ffffff","featured_links_background":"#ffffff","btn_color":"#dd390d","btn_hover_color":"#000000","btn_text_color":"#ffffff","button_style":"square","social_icons_color":"#b9b9b9","social_icons_color_hover":"#464646","promo_bg_color":"#939392","promo_text_color":"#ffffff","sale_color":"#010363","was_price_color":"#6e6c6a","sale_banner_color":"#010363","new_banner_color":"#3d4247","modal_background_color":"#f4f4f4","quick_shop_button_color":"#303030","quick_shop_button_hover_color":"#dd390d","quick_shop_text_color":"#FFF","headline_footer_text_color":"#000000","footer_text_color":"#000000","footer_link_color":"#000000","footer_link_color_hover":"#dd390d","footer_border_color":"#e0e0e0","footer_color":"#f4f4f4","use_custom_footer_image":false,"home_page_border_color":"#ffffff","shop_home_page_bg_color":"#f4f4f4","shop_use_home_page_content_bg_color":true,"use_custom_bg_image":false,"repeat_bg":"repeat","bg_fixed":false,"bg_stretched":false,"password_page_heading_color":"#dd390d","password_page_text_color":"#ffffff","password_page_background_color":"#000000","use_password_bg_image":true,"pagework_page_bg_stretched":true,"newsletter_popup_color":"#2e2d2c","newsletter_popup_background_color":"#f4f4f4","use_newsletter_bg_image":false,"newsletter_bg_stretched":false,"logo_font":"Google_Oswald","logo_weight":"normal","logo_font_style":"uppercase","logo_font_size":"34","headline_font":"Google_Oswald","headline_weight":"normal","headline_font_style":"uppercase","headline_font_size":"26","headline_letter_spacing":"1","headline_border":"thin_short","nav_font":"Google_Oswald","nav_weight":"normal","nav_font_style":"uppercase","nav_font_size":"14","nav_letter_spacing":"1","top_menu_size":"12","regular_font":"Google_Merriweather","regular_weight":"normal","regular_font_style":"none","regular_font_size":"14","button_weight":"normal","button_font_style":"uppercase","button_font_size":"14","button_letter_spacing":"1","footer_font_size":"13","slideshow_headline_size":"42","slideshow_headline_weight":"normal","slideshow_subtitle_font":"Google_Merriweather","slideshow_subtitle_weight":"normal","slideshow_subtitle_font_style":"none","slideshow_subtitle_font_text":"normal","slideshow_subtitle_size":"20","use_logo":false,"logo_width":"240","cart_icon":"cart","display_search_box":true,"search_option":"products","main_linklist":"main-menu","top_bar_linklist":"","phone_number":"","logo_top_padding":"8","menu_top_padding":"0","promo_text":"","featured_content_page":"","footer_linklist_1":"main-menu","footer_linklist_2":"footer","footer_content_page":"","copyright_text":"","display_designed_by":true,"display_payment_methods":true,"slideshow_enabled":true,"slideshow_animation":"fade","slideshow_text_animation":"fadeIn","slideshow_stretch":true,"slideshow_speed":"6","slideshow_1_enabled":true,"image_1_alt_text":"Mobilia Shopify Theme","image_1_headline":"Mobilia Shopify Theme","image_1_subtitle":"","image_1_text_align":"center","image_1_button_text":"","image_1_link":"","slideshow_2_enabled":true,"image_2_alt_text":"","image_2_headline":"","image_2_subtitle":"","image_2_text_align":"right","image_2_button_text":"","image_2_link":"","slideshow_3_enabled":false,"image_3_alt_text":"","image_3_headline":"","image_3_subtitle":"","image_3_text_align":"center","image_3_button_text":"","image_3_link":"","slideshow_4_enabled":false,"image_4_alt_text":"","image_4_headline":"","image_4_subtitle":"","image_4_text_align":"left","image_4_button_text":"","image_4_link":"","slideshow_5_enabled":false,"image_5_alt_text":"","image_5_headline":"","image_5_subtitle":"","image_5_text_align":"left","image_5_button_text":"","image_5_link":"","slideshow_6_enabled":false,"image_6_alt_text":"","image_6_headline":"","image_6_subtitle":"","image_6_text_align":"left","image_6_button_text":"","image_6_link":"","banner_1_alt_text":"","banner_1_headline":"","banner_1_subtitle":"","banner_1_text_align":"left","banner_1_button_text":"","banner_1_link":"","banner_2_alt_text":"","banner_2_headline":"","banner_2_subtitle":"","banner_2_text_align":"left","banner_2_button_text":"","banner_2_link":"","banner_3_alt_text":"","banner_3_headline":"","banner_3_subtitle":"","banner_3_text_align":"left","banner_3_button_text":"","banner_3_link":"","frontpage_linklist":"","featured_links_per_row":"1","frontpage_text_align":"left","enable_featured_link_description":true,"enable_featured_link_button":true,"featured_promos_per_row":"4","featured_promos_grid":"full_width","promo_text_on_image_enabled":true,"feature1_enabled":true,"feature1_link":"","feature1_title":"Feature 1","feature1_description":"","feature1_button":"","feature2_enabled":true,"feature2_link":"","feature2_title":"Feature 2","feature2_description":"","feature2_button":"","feature3_enabled":true,"feature3_link":"","feature3_title":"Feature 3","feature3_description":"","feature3_button":"","feature4_enabled":true,"feature4_link":"","feature4_title":"Feature 4","feature4_description":"","feature4_button":"","feature5_enabled":false,"feature5_link":"","feature5_title":"Feature 5","feature5_description":"","feature5_button":"","feature6_enabled":false,"feature6_link":"Feature 6","feature6_title":"","feature6_description":"","feature6_button":"","feature7_enabled":false,"feature7_link":"","feature7_title":"Feature 7","feature7_description":"","feature7_button":"","feature8_enabled":false,"feature8_link":"","feature8_title":"Feature 8","feature8_description":"","feature8_button":"","frontpage_collection":"","frontpage_collection2":"","frontpage_products_per_row":"4","frontpage_collection_full":"","frontpage_display_description":true,"frontpage_product_stagger":true,"homepage":"","homepage2":"","homepage3":"","blog_widget_select":"news","home_page_articles":"2","twitter_widget":false,"twitter_username":"","twitter_content_page":"","twitter_location":"right","twitter_theme":"light","tweet_count":"2","instagram_client_id":"","instagram_title":"Instagram","instagram_count":"1","banner_video_source":"vimeo","aspect_ratio":"16:9","banner_video_autoloop":true,"banner_video_autoplay":false,"banner_video_text":false,"video_dark_overlay":false,"banner_video_id":"87701971","banner_video_mp4":"","banner_video_ogv":"","banner_video_headline":"","banner_video_subtitle":"","banner_video_text_align":"left","banner_video_button_text":"","banner_video_link":"","product_breadcrumb":true,"display_tags":true,"display_type":true,"display_vendor":false,"display_collections":false,"display_sku":false,"display_product_quantity":false,"display_inventory_left":false,"notify_me_form":true,"display_related_products":true,"product_images_position":"left","product_slideshow_animation":"none","thumbnail_position":"bottom-thumbnails","product_form_style":"swatches","product_description_position":"top","free_price_text":"Free","size_chart":"","enable_shopify_review_comments":false,"review_position":"bottom","enable_shopify_collection_badges":false,"enable_shopify_product_badges":false,"products_per_row":"4","mobile_products_per_row":"2","pagination_limit":"48","align_height":false,"collection_height":"200","collection_detail_position":"center","collection_tags":true,"tag_threshold":"5","collection_sort":true,"display_vendor_collection":false,"sale_banner_enabled":true,"collection_swatches":false,"quick_shop_enabled":true,"quick_shop_full_description":false,"description_words":"15","collection_sidebar":false,"collection_sidebar_linklist":"","collection_sidebar_linklist2":"","filter_by_category":false,"filter_by_tag":true,"collection_sidebar_products":true,"collection_sidebar_vendors":false,"collection_sidebar_page":"","cart_action":"ajax","display_special_instructions":true,"display_tos_checkbox":false,"show_shipping_calculator":true,"shipping_calculator_default_country":"United States","contact_address":"","zoom_level":"12","blog_posts_per_page":"12","blog_posts_per_row":"3","blog_tags":true,"blog_author":true,"blog_date":true,"blog_comment_count":false,"read_more_link":false,"blog_additional_articles":true,"slideshow_article_enabled":false,"sidebar_enabled":false,"blog_search":true,"blog_newsletter":true,"display_recent_articles":true,"blog_sidebar_tags":true,"blog_content_page":"","disqus_enabled":false,"disqus_shortname":"","show_multiple_currencies":false,"currency_format":"money_with_currency_format","supported_currencies":"USD CAD INR GBP AUD EUR JPY","default_currency":"USD","mailchimp_link":"","footer_newsletter":true,"display_first_name":true,"display_last_name":true,"newsletter_popup":false,"newsletter_popup_form":true,"newsletter_popup_page":"","newsletter_popup_seconds":"2","newsletter_popup_days":"14","newsletter_popup_max_width":"600","display_social_buttons":true,"header_social_icons":true,"footer_social_icons":true,"twitter_link":"https:\/\/twitter.com\/shopify","facebook_link":"https:\/\/facebook.com\/shopify","google_link":"","youtube_link":"","vimeo_link":"","pinterest_link":"","tumblr_link":"","instagram_link":"","snapchat_link":"","houzz_link":"","linkedin_link":"","email_link":"","checkout_use_header_image":false,"checkout_header_image":"","checkout_logo":"logo.png","checkout_use_storefront_logo":"true","checkout_logo_image":"","checkout_logo_position":"left","checkout_logo_size":"medium","checkout_use_body_background_image":false,"checkout_body_background_image":"","checkout_body_background_color":"#fff","checkout_input_background_color_mode":"white","checkout_use_sidebar_background_image":false,"checkout_sidebar_background_image":"","checkout_sidebar_background_color":"#fafafa","checkout_heading_font":"Helvetica Neue","checkout_body_font":"Helvetica Neue","checkout_accent_color":"#dd390d","checkout_button_color":"#3d4247","checkout_error_color":"#ff6d6d","cart_link":"\/checkout","shop_use_header_bg_color":false,"shop_use_content_bg_color":false,"shop_content_bg_color":"","blog_widget":true,"checkout_banner_background_color":"#ffffff","checkout_call_to_action_color":"#ffa02f","checkout_background_color":"#ffffff","checkout_background_image":false,"checkout_text_color":"#404040","checkout_headline_color":"#303030","collection_top_sidebar_page":"","video_width":"set","social_icons":"dark","header_share_button":false,"logo_typeface_method":"google_webfonts","logo_websafe_font":"Helvetica, Arial, sans-serif","headline_typeface_method":"google_webfonts","headline_websafe_font":"Helvetica, Arial, sans-serif","nav_typeface_method":"websafe","nav_google_webfont_font":"Open+Sans+Condensed","regular_typeface_method":"websafe","regular_google_webfont_font":"Open+Sans","slideshow_width_narrow":false,"slideshow_subtitle_typeface_method":"google_webfonts","slideshow_subtitle_websafe_font":"'HelveticaNeue-Light', 'Helvetica Neue Light', 'Helvetica Neue', Helvetica, Arial, sans-serif","image_1_text_color":"#ffffff","image_2_text_color":"#ffffff","image_3_text_color":"#ffffff","image_4_text_color":"#ffffff","image_5_text_color":"#ffffff","image_6_text_color":"#ffffff","display_pinterest_button":true,"display_fancy_button":true,"option_to_match":"","quick_shop_text":"+ Quick View","tax_included":false,"shipping_calculator_heading":"Shipping rates calculator","shipping_calculator_submit_button_label":"Calculate shipping rates","shipping_calculator_submit_button_label_disabled":"Calculating...","display_social_buttons_blog":true,"newsletter_enabled":true,"newsletter_text":"Mailing List","newsletter_description":"Sign up to get the latest on sales, new releases and more …","newsletter_system":"shopify","social_text":"Social","flickr_link":"","blog_rss":"news","use_paypal":false,"use_bitcoin":false,"use_visa":false,"use_visaelectron":false,"use_mastercard":false,"use_amex":false,"use_cirrus":false,"use_delta":false,"use_discover":false,"use_google_checkout":false,"use_western_union":false,"sections":{"header":{"type":"header","settings":{"logo":"","logo_width":"280","cart_icon":"cart","display_search_box":true,"main_linklist":"main-menu","top_bar_linklist":"","phone_number":"","logo_top_padding":"0","menu_top_padding":"0","announcement_message":"","announcement_link":""}},"footer":{"type":"footer","settings":{"footer_linklist_1":"main-menu","footer_linklist_2":"footer","footer_content_page":"","copyright_text":"","display_designed_by":true,"display_payment_methods":true}},"1479351462524":{"type":"slideshow","blocks":{"1479351462524-0":{"type":"image","settings":{"image":"","title":"Mobilia Shopify Theme","subtitle":"","text_position":"center","text_align":"center","link":""}},"1479351462524-1":{"type":"image","settings":{"image":"","title":"","subtitle":"","text_position":"center","text_align":"left","link":""}}},"block_order":["1479351462524-0","1479351462524-1"],"settings":{"slideshow_animation":"fade","slideshow_text_animation":"fadeInUp","slideshow_stretch":true,"slideshow_speed":"6"}},"1481508702376":{"type":"image-with-text-overlay-section","settings":{"image_stretch":true,"image":"","title":"Your Headline","subtitle":"Subtext","text_position":"center","text_align":"center","button_label":"","link":""}},"1481508718225":{"type":"featured-text","settings":{"image":"","title":"Talk about your brand","content":"<p>Use this text to share information about your brand with your customers. Describe a product, share announcements, or welcome customers to your store.<\/p>","text_size":"featured_text","text_alignment":"center","button_label":"","button_link":""}},"1481508727922":{"type":"featured-promotions","blocks":{"1481508727922-0":{"type":"image","settings":{}},"1481508727922-1":{"type":"image","settings":{}},"1481508727922-2":{"type":"image","settings":{}}},"block_order":["1481508727922-0","1481508727922-1","1481508727922-2"],"settings":{"featured_promos_per_row":"3","featured_promos_grid":"full_width","promo_text_on_image_enabled":true}},"1481509059475":{"type":"featured-collection","settings":{"title":"Featured collection","frontpage_collection":"","frontpage_products_per_row":"3","frontpage_products_limit":"12"}},"1481509538374":{"type":"instagram","settings":{"instagram_client_id":"","instagram_count":"1"}},"1481511153564":{"type":"featured-blog","settings":{"title":"Blog posts","blog_widget_select":"","home_page_articles":"4"}}},"content_for_index":["1479351462524","1481508718225","1481508727922","1481509059475","1481508702376","1481511153564","1481509538374"]},"Napa":{"shop_home_page_featured_text_bg_color":"#f9f7f0","logo_color":"#b6a673","header_bg_color":"#333232","top_menu_color":"#ffffff","nav_color":"#b6a673","nav_color_hover":"#827650","nav_color_active":"#ffffff","dropdown_background_color":"#333232","dropdown_border_color":"#333232","table_styles_enabled":true,"headline_color":"#b6a673","headline_border_color":"#969589","regular_color":"#6e6d69","testimonial_bg_color":"#ffffff","testimonial_text_color":"#6e6d69","link_color":"#5c0218","link_hover_color":"#b6a673","shop_bg_color":"#f9f7f0","border_color":"#d7d4d3","banner_color":"#ffffff","featured_links_background":"#ffffff","btn_color":"#343434","btn_hover_color":"#666666","btn_text_color":"#ffffff","button_style":"round","social_icons_color":"#b6a673","social_icons_color_hover":"#666666","promo_bg_color":"#f9f7f0","promo_text_color":"#343434","sale_color":"#5c0218","was_price_color":"#6e6c6a","sale_banner_color":"#5c0218","new_banner_color":"#666666","modal_background_color":"#f9f7f0","quick_shop_button_color":"#303030","quick_shop_button_hover_color":"#666666","quick_shop_text_color":"#FFF","headline_footer_text_color":"#141003","footer_text_color":"#585750","footer_link_color":"#333332","footer_link_color_hover":"#b6a673","footer_border_color":"#d7d4d3","footer_color":"#f9f7f0","use_custom_footer_image":false,"home_page_border_color":"#e7e6e1","shop_home_page_bg_color":"#e7e6e1","shop_use_home_page_content_bg_color":false,"use_custom_bg_image":false,"repeat_bg":"repeat","bg_fixed":false,"bg_stretched":false,"password_page_heading_color":"#ffffff","password_page_text_color":"#ffffff","password_page_background_color":"#000000","use_password_bg_image":true,"pagework_page_bg_stretched":true,"newsletter_popup_color":"#303030","newsletter_popup_background_color":"#f9f7f0","use_newsletter_bg_image":false,"newsletter_bg_stretched":false,"logo_font":"Google_Old+Standard+TT","logo_weight":"normal","logo_font_style":"uppercase","logo_font_size":"42","headline_font":"Google_Old+Standard+TT","headline_weight":"normal","headline_font_style":"none","headline_font_size":"34","headline_letter_spacing":"0","headline_border":"thin_short","nav_font":"Google_Roboto","nav_weight":"normal","nav_font_style":"uppercase","nav_font_size":"14","nav_letter_spacing":"1","top_menu_size":"13","regular_font":"Google_Roboto","regular_weight":"normal","regular_font_style":"none","regular_font_size":"15","button_weight":"normal","button_font_style":"uppercase","button_font_size":"15","button_letter_spacing":"1","footer_font_size":"14","slideshow_headline_size":"50","slideshow_headline_weight":"normal","slideshow_subtitle_font":"Google_Old+Standard+TT","slideshow_subtitle_weight":"normal","slideshow_subtitle_font_style":"none","slideshow_subtitle_font_text":"normal","slideshow_subtitle_size":"24","use_logo":false,"logo_width":"240","cart_icon":"bag","display_search_box":true,"search_option":"products","main_linklist":"main-menu","top_bar_linklist":"","phone_number":"","logo_top_padding":"0","menu_top_padding":"8","promo_text":"","featured_content_page":"","footer_linklist_1":"main-menu","footer_linklist_2":"footer","footer_content_page":"","copyright_text":"","display_designed_by":true,"display_payment_methods":true,"slideshow_enabled":true,"slideshow_animation":"slide","slideshow_text_animation":"fadeInDown","slideshow_stretch":true,"slideshow_speed":"6","slideshow_1_enabled":true,"image_1_alt_text":"Mobilia Shopify Theme","image_1_headline":"Mobilia Shopify Theme","image_1_subtitle":"","image_1_text_align":"center","image_1_button_text":"","image_1_link":"","slideshow_2_enabled":true,"image_2_alt_text":"","image_2_headline":"","image_2_subtitle":"","image_2_text_align":"right","image_2_button_text":"","image_2_link":"","slideshow_3_enabled":false,"image_3_alt_text":"","image_3_headline":"","image_3_subtitle":"","image_3_text_align":"center","image_3_button_text":"","image_3_link":"","slideshow_4_enabled":false,"image_4_alt_text":"","image_4_headline":"","image_4_subtitle":"","image_4_text_align":"left","image_4_button_text":"","image_4_link":"","slideshow_5_enabled":false,"image_5_alt_text":"","image_5_headline":"","image_5_subtitle":"","image_5_text_align":"left","image_5_button_text":"","image_5_link":"","slideshow_6_enabled":false,"image_6_alt_text":"","image_6_headline":"","image_6_subtitle":"","image_6_text_align":"left","image_6_button_text":"","image_6_link":"","banner_1_alt_text":"","banner_1_headline":"","banner_1_subtitle":"","banner_1_text_align":"center","banner_1_button_text":"","banner_1_link":"","banner_2_alt_text":"","banner_2_headline":"","banner_2_subtitle":"","banner_2_text_align":"center","banner_2_button_text":"","banner_2_link":"","banner_3_alt_text":"","banner_3_headline":"","banner_3_subtitle":"","banner_3_text_align":"left","banner_3_button_text":"","banner_3_link":"","frontpage_linklist":"","featured_links_per_row":"1","frontpage_text_align":"left","enable_featured_link_description":true,"enable_featured_link_button":true,"featured_promos_per_row":"4","featured_promos_grid":"full_width","promo_text_on_image_enabled":true,"feature1_enabled":true,"feature1_link":"","feature1_title":"Feature 1","feature1_description":"","feature1_button":"","feature2_enabled":true,"feature2_link":"","feature2_title":"Feature 2","feature2_description":"","feature2_button":"","feature3_enabled":true,"feature3_link":"","feature3_title":"Feature 3","feature3_description":"","feature3_button":"","feature4_enabled":true,"feature4_link":"","feature4_title":"Feature 4","feature4_description":"","feature4_button":"","feature5_enabled":false,"feature5_link":"","feature5_title":"Feature 5","feature5_description":"","feature5_button":"","feature6_enabled":false,"feature6_link":"Feature 6","feature6_title":"","feature6_description":"","feature6_button":"","feature7_enabled":false,"feature7_link":"","feature7_title":"Feature 7","feature7_description":"","feature7_button":"","feature8_enabled":false,"feature8_link":"","feature8_title":"Feature 8","feature8_description":"","feature8_button":"","frontpage_collection":"","frontpage_collection2":"","frontpage_products_per_row":"3","frontpage_collection_full":"in-detail","frontpage_display_description":true,"frontpage_product_stagger":false,"homepage":"","homepage2":"","homepage3":"","blog_widget_select":"news","home_page_articles":"4","twitter_widget":false,"twitter_username":"","twitter_content_page":"","twitter_location":"right","twitter_theme":"light","tweet_count":"2","instagram_client_id":"","instagram_title":"Instagram","instagram_count":"1","banner_video_source":"vimeo","aspect_ratio":"16:9","banner_video_autoloop":true,"banner_video_autoplay":false,"banner_video_text":false,"video_dark_overlay":false,"banner_video_id":"87701971","banner_video_mp4":"","banner_video_ogv":"","banner_video_headline":"","banner_video_subtitle":"","banner_video_text_align":"left","banner_video_button_text":"","banner_video_link":"","product_breadcrumb":true,"display_tags":false,"display_type":false,"display_vendor":false,"display_collections":false,"display_sku":false,"display_product_quantity":true,"display_inventory_left":false,"notify_me_form":false,"display_related_products":true,"product_images_position":"left","product_slideshow_animation":"slide","thumbnail_position":"bottom-thumbnails","product_form_style":"dropdown","product_description_position":"top","free_price_text":"Free","size_chart":"","enable_shopify_review_comments":false,"review_position":"bottom","enable_shopify_collection_badges":false,"enable_shopify_product_badges":false,"products_per_row":"2","mobile_products_per_row":"2","pagination_limit":"48","align_height":false,"collection_height":"200","collection_detail_position":"center","collection_tags":true,"tag_threshold":"5","collection_sort":false,"display_vendor_collection":false,"sale_banner_enabled":true,"collection_swatches":false,"quick_shop_enabled":true,"quick_shop_full_description":false,"description_words":"15","collection_sidebar":false,"collection_sidebar_linklist":"","collection_sidebar_linklist2":"","filter_by_category":false,"filter_by_tag":false,"collection_sidebar_products":false,"collection_sidebar_vendors":false,"collection_sidebar_page":"","cart_action":"ajax","display_special_instructions":true,"display_tos_checkbox":false,"show_shipping_calculator":true,"shipping_calculator_default_country":"United States","contact_address":"","zoom_level":"12","blog_posts_per_page":"12","blog_posts_per_row":"3","blog_tags":true,"blog_author":false,"blog_date":false,"blog_comment_count":false,"read_more_link":false,"blog_additional_articles":true,"slideshow_article_enabled":true,"sidebar_enabled":true,"blog_search":true,"blog_newsletter":true,"display_recent_articles":true,"blog_sidebar_tags":true,"blog_content_page":"","disqus_enabled":false,"disqus_shortname":"","show_multiple_currencies":false,"currency_format":"money_with_currency_format","supported_currencies":"USD CAD INR GBP AUD EUR JPY","default_currency":"USD","mailchimp_link":"","footer_newsletter":true,"display_first_name":false,"display_last_name":false,"newsletter_popup":false,"newsletter_popup_form":true,"newsletter_popup_page":"","newsletter_popup_seconds":"2","newsletter_popup_days":"30","newsletter_popup_max_width":"600","display_social_buttons":true,"header_social_icons":true,"footer_social_icons":true,"twitter_link":"https:\/\/twitter.com\/shopify","facebook_link":"https:\/\/facebook.com\/shopify","google_link":"","youtube_link":"","vimeo_link":"","pinterest_link":"","tumblr_link":"","instagram_link":"","snapchat_link":"","houzz_link":"","linkedin_link":"","email_link":"","checkout_use_header_image":false,"checkout_header_image":"","checkout_logo":"","checkout_logo_image":"","checkout_logo_position":"left","checkout_logo_size":"large","checkout_use_body_background_image":false,"checkout_body_background_image":"","checkout_body_background_color":"#fff","checkout_input_background_color_mode":"white","checkout_use_sidebar_background_image":false,"checkout_sidebar_background_image":"","checkout_sidebar_background_color":"#fafafa","checkout_heading_font":"Helvetica Neue","checkout_body_font":"Helvetica Neue","checkout_accent_color":"#141003","checkout_button_color":"#343434","checkout_error_color":"#ff6d6d","cart_link":"\/checkout","shop_use_header_bg_color":false,"shop_use_content_bg_color":false,"shop_content_bg_color":"","blog_widget":true,"checkout_banner_background_color":"#ffffff","checkout_call_to_action_color":"#ffa02f","checkout_background_color":"#ffffff","checkout_background_image":false,"checkout_text_color":"#404040","checkout_headline_color":"#303030","collection_top_sidebar_page":"","video_width":"set","social_icons":"dark","header_share_button":false,"logo_typeface_method":"google_webfonts","logo_websafe_font":"Helvetica, Arial, sans-serif","headline_typeface_method":"google_webfonts","headline_websafe_font":"Helvetica, Arial, sans-serif","nav_typeface_method":"websafe","nav_google_webfont_font":"Open+Sans+Condensed","regular_typeface_method":"websafe","regular_google_webfont_font":"Open+Sans","slideshow_width_narrow":false,"slideshow_subtitle_typeface_method":"google_webfonts","slideshow_subtitle_websafe_font":"'HelveticaNeue-Light', 'Helvetica Neue Light', 'Helvetica Neue', Helvetica, Arial, sans-serif","image_1_text_color":"#ffffff","image_2_text_color":"#ffffff","image_3_text_color":"#ffffff","image_4_text_color":"#ffffff","image_5_text_color":"#ffffff","image_6_text_color":"#ffffff","display_pinterest_button":true,"display_fancy_button":true,"option_to_match":"","quick_shop_text":"+ Quick View","tax_included":false,"shipping_calculator_heading":"Shipping rates calculator","shipping_calculator_submit_button_label":"Calculate shipping rates","shipping_calculator_submit_button_label_disabled":"Calculating...","display_social_buttons_blog":true,"newsletter_enabled":true,"newsletter_text":"Mailing List","newsletter_description":"Sign up to get the latest on sales, new releases and more …","newsletter_system":"shopify","social_text":"Social","flickr_link":"","blog_rss":"news","use_paypal":false,"use_bitcoin":false,"use_visa":false,"use_visaelectron":false,"use_mastercard":false,"use_amex":false,"use_cirrus":false,"use_delta":false,"use_discover":false,"use_google_checkout":false,"use_western_union":false,"sections":{"header":{"type":"header","settings":{"logo":"","logo_width":"280","cart_icon":"cart","display_search_box":true,"main_linklist":"main-menu","top_bar_linklist":"","phone_number":"","logo_top_padding":"0","menu_top_padding":"0","announcement_message":"","announcement_link":""}},"footer":{"type":"footer","settings":{"footer_linklist_1":"main-menu","footer_linklist_2":"footer","footer_content_page":"","copyright_text":"","display_designed_by":true,"display_payment_methods":true}},"1479351462524":{"type":"slideshow","blocks":{"1479351462524-0":{"type":"image","settings":{"image":"","title":"Mobilia Shopify Theme","subtitle":"","text_position":"center","text_align":"center","link":""}},"1479351462524-1":{"type":"image","settings":{"image":"","title":"","subtitle":"","text_position":"center","text_align":"left","link":""}}},"block_order":["1479351462524-0","1479351462524-1"],"settings":{"slideshow_animation":"fade","slideshow_text_animation":"fadeInUp","slideshow_stretch":true,"slideshow_speed":"6"}},"1481508702376":{"type":"image-with-text-overlay-section","settings":{"image_stretch":true,"image":"","title":"Your Headline","subtitle":"Subtext","text_position":"center","text_align":"center","button_label":"","link":""}},"1481508718225":{"type":"featured-text","settings":{"image":"","title":"Talk about your brand","content":"<p>Use this text to share information about your brand with your customers. Describe a product, share announcements, or welcome customers to your store.<\/p>","text_size":"featured_text","text_alignment":"center","button_label":"","button_link":""}},"1481508727922":{"type":"featured-promotions","blocks":{"1481508727922-0":{"type":"image","settings":{}},"1481508727922-1":{"type":"image","settings":{}},"1481508727922-2":{"type":"image","settings":{}}},"block_order":["1481508727922-0","1481508727922-1","1481508727922-2"],"settings":{"featured_promos_per_row":"3","featured_promos_grid":"full_width","promo_text_on_image_enabled":true}},"1481509059475":{"type":"featured-collection","settings":{"title":"Featured collection","frontpage_collection":"","frontpage_products_per_row":"3","frontpage_products_limit":"12"}},"1481509538374":{"type":"instagram","settings":{"instagram_client_id":"","instagram_count":"1"}},"1481511153564":{"type":"featured-blog","settings":{"title":"Blog posts","blog_widget_select":"","home_page_articles":"4"}}},"content_for_index":["1479351462524","1481508718225","1481508727922","1481509059475","1481508702376","1481511153564","1481509538374"]}},"current":{"logo_color":"#030303","header_bg_color":"#ffffff","top_menu_color":"#2e2d2c","nav_color":"#2e2d2c","nav_color_hover":"#ff7b7b","nav_color_active":"#666666","dropdown_background_color":"#f4f4f4","dropdown_border_color":"#f4f4f4","table_styles_enabled":true,"headline_color":"#2e2d2c","headline_border_color":"#363636","regular_color":"#2e2d2c","link_color":"#ff7b7b","link_hover_color":"#3d4247","shop_bg_color":"#ffffff","custom_bg":"","repeat_bg":"repeat","bg_fixed":false,"bg_stretched":false,"border_color":"#e0e0e0","banner_color":"#ffffff","testimonial_bg_color":"#ffffff","testimonial_text_color":"#2e2d2c","btn_color":"#ff7b7b","btn_hover_color":"#000000","btn_text_color":"#ffffff","button_style":"square","social_icons_color":"#b9b9b9","social_icons_color_hover":"#464646","promo_bg_color":"#939392","promo_text_color":"#ffffff","sale_color":"#010363","was_price_color":"#6e6c6a","sale_banner_color":"#010363","new_banner_color":"#3d4247","modal_background_color":"#f4f4f4","quick_shop_button_color":"#303030","quick_shop_button_hover_color":"#ff7b7b","quick_shop_text_color":"#ffffff","headline_footer_text_color":"#000000","footer_text_color":"#000000","footer_link_color":"#000000","footer_link_color_hover":"#ff7b7b","footer_border_color":"#e0e0e0","footer_color":"#f4f4f4","custom_footer":"","shop_home_page_featured_text_bg_color":"#ffffff","shop_home_page_image_bg_color":"#ffffff","shop_home_page_bg_color":"#ffffff","custom_logo":"","password_page_text_color":"#ffffff","password_page_heading_color":"#ff7b7b","password_page_background_color":"#000000","password-page-background":"","pagework_page_bg_stretched":true,"newsletter_popup_color":"#ffffff","newsletter_popup_background_color":"#9c4278","newsletter_bg":"","newsletter_bg_stretched":false,"logo_font":"Google_Open+Sans","logo_weight":"normal","logo_font_style":"uppercase","logo_font_size":"34","headline_font":"Google_Open+Sans","headline_weight":"normal","headline_font_style":"uppercase","headline_font_size":"26","headline_letter_spacing":"1","headline_border":"thin_short","nav_font":"Google_Open+Sans","nav_weight":"normal","nav_font_style":"none","nav_font_size":"16","nav_letter_spacing":"1","top_menu_size":"12","regular_font":"Google_Open+Sans","regular_weight":"normal","regular_font_style":"none","regular_font_size":"14","button_weight":"normal","button_font_style":"uppercase","button_font_size":"16","button_letter_spacing":"1","footer_font_size":"13","slideshow_headline_size":"42","slideshow_headline_weight":"normal","slideshow_subtitle_font":"Google_Open+Sans","slideshow_subtitle_weight":"normal","slideshow_subtitle_font_style":"none","slideshow_subtitle_font_text":"normal","slideshow_subtitle_size":"20","mobile_products_per_row":"2","align_height":true,"collection_height":"200","product_price_alignment":"right","display_vendor_collection":false,"sale_banner_enabled":false,"collection_swatches":false,"display_product_quantity":false,"display_inventory_left":false,"notify_me_form":true,"product_form_style":"swatches","free_price_text":"Free","size_chart":"size-chart","product_slideshow_animation":"fade","slideshow_speed":"4","thumbnail_position":"bottom-thumbnails","quick_shop_enabled":false,"description_words":"15","enable_shopify_review_comments":false,"review_position":"bottom","enable_shopify_collection_badges":true,"enable_shopify_product_badges":true,"cart_action":"redirect_cart","show_shipping_calculator":false,"shipping_calculator_default_country":"United States","disqus_enabled":false,"disqus_shortname":"","show_multiple_currencies":false,"currency_format":"money_with_currency_format","supported_currencies":"USD CAD INR GBP AUD EUR JPY","default_currency":"USD","newsletter_popup":false,"newsletter_popup_title":"I have fixed the pop up , no need to work on it","newsletter_popup_image":"shopify:\/\/shop_images\/popup-image-400h.jpg","newsletter_popup_text":"","newsletter_popup_link":"","newsletter_popup_form":false,"newsletter_popup_seconds":"10","newsletter_popup_days":"0","newsletter_popup_max_width":"460","display_first_name":false,"display_last_name":false,"twitter_link":"https:\/\/twitter.com\/fuchsiashoes","facebook_link":"https:\/\/www.facebook.com\/fuchsiashoes\/","google_link":"","youtube_link":"","vimeo_link":"","pinterest_link":"https:\/\/www.pinterest.com\/fuchsiashoes\/","tumblr_link":"","instagram_link":"https:\/\/www.instagram.com\/fuchsiashoes\/","snapchat_link":"","houzz_link":"","linkedin_link":"","email_link":"team@fuchsiashoes.com","search_option":"products","favicon":"shopify:\/\/shop_images\/17742144_10158304087530562_217044760_n.jpg","checkout_header_image":"","checkout_logo_image":"shopify:\/\/shop_images\/logo.png","checkout_logo_position":"left","checkout_logo_size":"medium","checkout_body_background_image":"","checkout_body_background_color":"#ffffff","checkout_input_background_color_mode":"white","checkout_sidebar_background_image":"","checkout_sidebar_background_color":"#fafafa","checkout_heading_font":"Open Sans","checkout_body_font":"Open Sans","checkout_accent_color":"#dd390d","checkout_button_color":"#3d4247","checkout_error_color":"#ff6d6d","featured_links_background":"#ffffff","use_custom_footer_image":false,"home_page_border_color":"#e7e6e1","shop_use_home_page_content_bg_color":false,"use_custom_bg_image":false,"use_password_bg_image":true,"use_newsletter_bg_image":false,"use_logo":false,"logo_width":"240","cart_icon":"bag","display_search_box":true,"main_linklist":"main-menu","top_bar_linklist":"","phone_number":"","logo_top_padding":"0","menu_top_padding":"8","promo_text":"","featured_content_page":"","footer_linklist_1":"main-menu","footer_linklist_2":"footer","footer_content_page":"","copyright_text":"","display_designed_by":true,"display_payment_methods":true,"slideshow_enabled":true,"slideshow_animation":"slide","slideshow_text_animation":"fadeInDown","slideshow_stretch":true,"slideshow_1_enabled":true,"image_1_alt_text":"Mobilia Shopify Theme","image_1_headline":"Mobilia Shopify Theme","image_1_subtitle":"","image_1_text_align":"center","image_1_button_text":"","image_1_link":"","slideshow_2_enabled":true,"image_2_alt_text":"","image_2_headline":"","image_2_subtitle":"","image_2_text_align":"right","image_2_button_text":"","image_2_link":"","slideshow_3_enabled":false,"image_3_alt_text":"","image_3_headline":"","image_3_subtitle":"","image_3_text_align":"center","image_3_button_text":"","image_3_link":"","slideshow_4_enabled":false,"image_4_alt_text":"","image_4_headline":"","image_4_subtitle":"","image_4_text_align":"left","image_4_button_text":"","image_4_link":"","slideshow_5_enabled":false,"image_5_alt_text":"","image_5_headline":"","image_5_subtitle":"","image_5_text_align":"left","image_5_button_text":"","image_5_link":"","slideshow_6_enabled":false,"image_6_alt_text":"","image_6_headline":"","image_6_subtitle":"","image_6_text_align":"left","image_6_button_text":"","image_6_link":"","banner_1_alt_text":"","banner_1_headline":"","banner_1_subtitle":"","banner_1_text_align":"center","banner_1_button_text":"","banner_1_link":"","banner_2_alt_text":"","banner_2_headline":"","banner_2_subtitle":"","banner_2_text_align":"center","banner_2_button_text":"","banner_2_link":"","banner_3_alt_text":"","banner_3_headline":"","banner_3_subtitle":"","banner_3_text_align":"left","banner_3_button_text":"","banner_3_link":"","frontpage_linklist":"","featured_links_per_row":"1","frontpage_text_align":"left","enable_featured_link_description":true,"enable_featured_link_button":true,"featured_promos_per_row":"4","featured_promos_grid":"full_width","promo_text_on_image_enabled":true,"feature1_enabled":true,"feature1_link":"","feature1_title":"Feature 1","feature1_description":"","feature1_button":"","feature2_enabled":true,"feature2_link":"","feature2_title":"Feature 2","feature2_description":"","feature2_button":"","feature3_enabled":true,"feature3_link":"","feature3_title":"Feature 3","feature3_description":"","feature3_button":"","feature4_enabled":true,"feature4_link":"","feature4_title":"Feature 4","feature4_description":"","feature4_button":"","feature5_enabled":false,"feature5_link":"","feature5_title":"Feature 5","feature5_description":"","feature5_button":"","feature6_enabled":false,"feature6_link":"Feature 6","feature6_title":"","feature6_description":"","feature6_button":"","feature7_enabled":false,"feature7_link":"","feature7_title":"Feature 7","feature7_description":"","feature7_button":"","feature8_enabled":false,"feature8_link":"","feature8_title":"Feature 8","feature8_description":"","feature8_button":"","frontpage_collection":"","frontpage_collection2":"","frontpage_products_per_row":"3","frontpage_collection_full":"in-detail","frontpage_display_description":true,"frontpage_product_stagger":false,"homepage":"","homepage2":"","homepage3":"","blog_widget_select":"news","home_page_articles":"4","twitter_widget":false,"twitter_username":"","twitter_content_page":"","twitter_location":"right","twitter_theme":"light","tweet_count":"2","instagram_client_id":"","instagram_title":"Instagram","instagram_count":"1","banner_video_source":"vimeo","aspect_ratio":"16:9","banner_video_autoloop":true,"banner_video_autoplay":false,"banner_video_text":false,"video_dark_overlay":false,"banner_video_id":"87701971","banner_video_mp4":"","banner_video_ogv":"","banner_video_headline":"","banner_video_subtitle":"","banner_video_text_align":"left","banner_video_button_text":"","banner_video_link":"","product_breadcrumb":true,"display_tags":false,"display_type":false,"display_vendor":false,"display_collections":false,"display_sku":false,"display_related_products":true,"product_images_position":"left","product_description_position":"top","products_per_row":"2","pagination_limit":"48","collection_detail_position":"center","collection_tags":true,"tag_threshold":"5","collection_sort":false,"quick_shop_full_description":false,"collection_sidebar":false,"collection_sidebar_linklist":"","collection_sidebar_linklist2":"","filter_by_category":false,"filter_by_tag":false,"collection_sidebar_products":false,"collection_sidebar_vendors":false,"collection_sidebar_page":"","display_special_instructions":true,"display_tos_checkbox":false,"contact_address":"","zoom_level":"12","blog_posts_per_page":"12","blog_posts_per_row":"3","blog_tags":true,"blog_author":false,"blog_date":false,"blog_comment_count":false,"read_more_link":false,"blog_additional_articles":true,"slideshow_article_enabled":true,"sidebar_enabled":true,"blog_search":true,"blog_newsletter":true,"display_recent_articles":true,"blog_sidebar_tags":true,"blog_content_page":"","mailchimp_link":"","footer_newsletter":true,"newsletter_popup_page":"","display_social_buttons":true,"header_social_icons":true,"footer_social_icons":true,"checkout_use_header_image":false,"checkout_logo":"","checkout_use_storefront_logo":"","checkout_use_body_background_image":false,"checkout_use_sidebar_background_image":false,"cart_link":"\/checkout","blog_widget":true,"shop_content_bg_color":"","checkout_banner_background_color":"#ffffff","checkout_call_to_action_color":"#ffa02f","checkout_background_color":"#ffffff","checkout_background_image":false,"checkout_text_color":"#404040","checkout_headline_color":"#303030","collection_top_sidebar_page":"","video_width":"set","social_icons":"dark","header_share_button":false,"shop_use_content_bg_color":false,"logo_typeface_method":"google_webfonts","logo_websafe_font":"Helvetica, Arial, sans-serif","headline_typeface_method":"google_webfonts","headline_websafe_font":"Helvetica, Arial, sans-serif","nav_typeface_method":"websafe","nav_google_webfont_font":"Open+Sans+Condensed","regular_typeface_method":"websafe","regular_google_webfont_font":"Open+Sans","slideshow_width_narrow":false,"slideshow_subtitle_typeface_method":"google_webfonts","slideshow_subtitle_websafe_font":"'HelveticaNeue-Light', 'Helvetica Neue Light', 'Helvetica Neue', Helvetica, Arial, sans-serif","image_1_text_color":"#ffffff","image_2_text_color":"#ffffff","image_3_text_color":"#ffffff","image_4_text_color":"#ffffff","image_5_text_color":"#ffffff","image_6_text_color":"#ffffff","display_pinterest_button":true,"display_fancy_button":true,"option_to_match":"","quick_shop_text":"+ Quick View","tax_included":false,"shipping_calculator_heading":"Shipping rates calculator","shipping_calculator_submit_button_label":"Calculate shipping rates","shipping_calculator_submit_button_label_disabled":"Calculating...","display_social_buttons_blog":true,"newsletter_enabled":true,"newsletter_text":"Mailing List","newsletter_description":"Sign up to get the latest on sales, new releases and more …","newsletter_system":"shopify","social_text":"Social","flickr_link":"","blog_rss":"news","use_paypal":false,"use_bitcoin":false,"use_visa":false,"use_visaelectron":false,"use_mastercard":false,"use_amex":false,"use_cirrus":false,"use_delta":false,"use_discover":false,"use_google_checkout":false,"use_western_union":false,"shop_use_header_bg_color":false,"sections":{"header":{"type":"header","settings":{"logo":"shopify:\/\/shop_images\/logo.png","logo_width":"280","cart_icon":"bag","display_search_box":false,"main_linklist":"main-menu","top_bar_linklist":"","phone_number":"","header_social_icons":false,"logo_top_padding":"0","menu_top_padding":"13","announcement_message":"<p>Free U.S. Shipping &amp; Free Returns<\/p>","announcement_link":""}},"footer":{"type":"footer","settings":{"footer_linklist_1":"quick-links","footer_linklist_2":"get-in-touch","footer_content_page":"","footer_social_icons":true,"copyright_text":"","footer_newsletter":true,"display_designed_by":false,"display_payment_methods":true}},"1479351462524":{"type":"slideshow","blocks":{"1490939250705":{"type":"image","settings":{"image":"shopify:\/\/shop_images\/AntiqueSlider-1280x600_ec57ed11-73bf-44c8-ab8d-025abcab2ea3.png","title":"Customer Favorite","subtitle":"The folk culture inspiration","text_position":"center","text_align":"center","image_button_label":"Shop The style","link":"shopify:\/\/products\/antique"}},"1490939272134":{"type":"image","settings":{"image":"shopify:\/\/shop_images\/cashmere-slider2.jpg","title":"Get cozy this fall","subtitle":"Grade-A hand-loomed cashmere from Nepal","text_position":"center","text_align":"center","image_button_label":"Shop the collection","link":"shopify:\/\/collections\/cashmere-scarves"}},"1505704210687":{"type":"image","settings":{"image":"shopify:\/\/shop_images\/slider-black.jpg","title":"Discover Your Type","subtitle":"Our intricately handcrafted flats and sandals are perfect for every occasion","text_position":"center","text_align":"center","image_button_label":"Find Your Style","link":"shopify:\/\/products\/classic-black"}}},"block_order":["1490939250705","1490939272134","1505704210687"],"settings":{"slideshow_animation":"fade","slideshow_text_animation":"fadeInUp","slideshow_stretch":true,"slideshow_speed":"6"}},"1481508727922":{"type":"featured-promotions","blocks":{"1481508727922-0":{"type":"image","settings":{"image":"shopify:\/\/shop_images\/feature1.jpg","link":"shopify:\/\/pages\/our-values","title":"Ethical Values","text":"<p>Learn about our&nbsp;core values.<\/p>","button_label":"Our Values"}},"1481508727922-1":{"type":"image","settings":{"image":"shopify:\/\/shop_images\/IMG_9435-1024x1024.jpg","link":"shopify:\/\/pages\/cashmere","title":"Hand-loomed Cashmere","text":"<p>Made from the purest and finest material from Nepal.<\/p>","button_label":"Learn the process"}},"1481508727922-2":{"type":"image","settings":{"image":"shopify:\/\/shop_images\/feature3.jpg","link":"shopify:\/\/pages\/our-artisans","title":"Our Artisans","text":"<p>Supporting the artisans and communities we serve.<\/p>","button_label":"Meet The Artists"}}},"block_order":["1481508727922-0","1481508727922-1","1481508727922-2"],"settings":{"featured_promos_per_row":"3","featured_promos_grid":"full_width","promo_text_on_image_enabled":true}},"1481509059475":{"type":"featured-collection","settings":{"title":"","frontpage_collection":"featured-flats","frontpage_products_per_row":"3","frontpage_products_limit":"12"}},"collection-template":{"type":"collection-template","settings":{"products_per_row":"3","pagination_limit":"24","collection_tags":false,"tag_threshold":"5","collection_sort":false,"toggle":false}},"product-template":{"type":"product-template","settings":{"product_breadcrumb":false,"display_tags":false,"display_type":false,"display_vendor":false,"display_collections":false,"display_sku":false,"display_social_buttons":true,"product_description_position":"bottom","product_images_position":"left","display_related_products":true,"products_per_row":"3"}},"cart-template":{"type":"cart-template","settings":{"display_special_instructions":false,"display_tos_checkbox":false}},"search-template":{"type":"search-template","settings":{"products_per_row":"3","pagination_limit":"24","blog_author":false,"read_more_link":true,"blog_date":false,"toggle":false}},"1488869281564":{"type":"testimonial","blocks":{"1488869281564-1":{"type":"quote","settings":{"image":"shopify:\/\/shop_images\/twilight.jpg","image_position":"right","frontpage_text_align":"left","title":"Summer Sandal","testimonial":"<p>I loved the colors and the intricate embroidery on these sandals. I first ordered one pair for myself and when I wore it and got compliments from people, I went and ordered another one for my sister on her birthday. She loves them too and has in fact ordered another Fuchsia flat! They are easy on the feet as well.<\/p>","name":"Anna, USA","site_name":"United States","site_link":""}},"1507433795204":{"type":"quote","settings":{"image":"shopify:\/\/shop_images\/Handloom-withoutcaption_760x460_86b23c38-d1c0-4c76-9930-2e12b129d560.jpg","image_position":"right","frontpage_text_align":"left","title":"Exquisite","testimonial":"<p>In about 1884, my great-grandmother, Mary Louisa Gray, left Pithoragarh, India, close to the border with Nepal, to travel to New Jersey with her missionary parents. She was 4, and traveled wrapped in a lovely woven cashmere cloth...bigger than a scarf or shawl, but smaller than a sari. I have that cloth. It's 130+ years old, and far too delicate to wear. When I saw this, I knew I had found a wearable version of that treasured wrap. It arrived today and met every expectation. It is soft and luxurious, but feels strong enough to hold up to lots of wear. I'd call the color a pale tan or sand, very neutral and easy to combine with items in my wardrobe. I'm delighted!<\/p>","name":"Tara B.","site_name":"United State","site_link":""}},"1488869281564-2":{"type":"quote","settings":{"image":"shopify:\/\/shop_images\/antique-2.jpg","image_position":"right","frontpage_text_align":"left","title":"Really comfortable!","testimonial":"<p>I got my shoes about a week ago, maybe longer. Wore them most of the morning to give them a \"shake down\" wearing. Really comfortable! Even more so than the expensive handmade Italian leather flats I bought. Congratulations of a great product.<\/p>\r\n<p><\/p>\r\n<p><\/p>","name":"Cherie Herrman","site_name":"United States","site_link":""}}},"block_order":["1488869281564-1","1507433795204","1488869281564-2"],"settings":{"slideshow_animation":"fade","slideshow_speed":"6"}},"1488869768668":{"type":"video","settings":{"source":"youtube","aspect_ratio":"16:9","autoplay":true,"autoloop":true,"video_dark_overlay":true,"video":"https:\/\/www.youtube.com\/watch?v=P7wMTKOWYkg","mp4":"","ogv":"","image":"","display_text_over_video":true,"title":"Handmade Ballet Flats","subtitle":"Unparalleled craftsmanship and comfort","text_position":"center","text_align":"center","button_label":"The Art of Shoe Making","link":"shopify:\/\/blogs\/news\/making-fuchsia-flats"}},"1488870598441":{"type":"featured-text","settings":{"image":"","title":"ONE OF A KIND LEATHER FLATS","content":"<p>Fuchsia is inspired by vivid, full of life, and eclectic bold designs what we believe makes women distinctive. Our ballet flats are intricately&nbsp;handcrafted&nbsp;by cottage industry artisans who pour in their individual creativity, passion and love to work. It takes us 3 days and over 30 steps to prepare a single pair of flats.<\/p>","text_size":"featured_text","text_alignment":"center","button_label":"","button_link":""}},"product-description-bottom-template":{"type":"product-description-bottom-template","settings":{"product_breadcrumb":true,"display_tags":false,"display_type":false,"display_vendor":false,"display_collections":false,"display_sku":false,"display_social_buttons":true,"display_related_products":false,"products_per_row":"2","product_images_position":"left"}},"product-details-template":{"type":"product-details-template","blocks":{"product-details-template-1":{"type":"divider","settings":{"divider_border":true}},"1488874420973":{"type":"rich_text_and_image","settings":{"image":"","title":"Sizing","content":"<p>To make sure you have chosen the right size, it is best to measure your foot length from toe to heel and choose the corresponding size from the sizing chart. If your foot measurement is between sizes you are welcome to contact us so we can help you choose the best size for you. Please send us email at team@fuchsiashoes.com.<\/p>","text_alignment":"center","button_label":"","button_link":""}},"1488874482599":{"type":"divider","settings":{"divider_border":false}},"product-details-template-4":{"type":"image_with_text","settings":{"image":"shopify:\/\/shop_images\/craft.jpg","layout":"right","title":"Craftsmanship","text":"<p>The process involves more than 30 different steps and begins with the imperfections of natural cow leather. The raw leather is first cleaned by hand in the river, then refined and cured with salt from local sources to make Fuchsia shoes as comfortable to wear as they are to look at. The leather is dried in the sun to avoid damage to the delicate subtle texture, while the upper portions of the shoes are embroidered with brightly colored threads. The upper parts are then paired with soles and bound together with lengths of strong white thread by artisans who make each pair of Fuchsia shoes as unique as they are beautiful.<\/p>","button_label":"","button_link":"","frontpage_text_align":"left"}},"1488874213843":{"type":"divider","settings":{"divider_border":false}},"1488874195862":{"type":"image_with_text","settings":{"image":"shopify:\/\/shop_images\/ShoeDetails-1.jpg","layout":"left","title":"The Shoe","text":"<p>Our shoes have seven unique layers that are handmade by artisans in our small factory in Pakistan.<\/p>","button_label":"","button_link":"","frontpage_text_align":"left"}},"1488874355252":{"type":"divider","settings":{"divider_border":false}}},"block_order":["product-details-template-1","1488874420973","1488874482599","product-details-template-4","1488874213843","1488874195862","1488874355252"],"settings":{"product_breadcrumb":false,"display_tags":false,"display_type":false,"display_vendor":false,"display_collections":false,"display_sku":false,"display_social_buttons":true,"product_description_position":"bottom","product_images_position":"left","display_related_products":false,"products_per_row":"2","related_products_position":"below"}},"collection-image-template":{"type":"collection-image-template","settings":{"products_per_row":"3","pagination_limit":"24","collection_tags":false,"tag_threshold":"5","collection_sort":false,"toggle":false}},"list-collections-template":{"type":"list-collections-template","settings":{"collections_per_row":"3","pagination_limit":"24"}},"1498988364690":{"type":"saleslider","settings":{"title":"#FuchsiaShoes"}},"1507433015035":{"type":"featured-collection","settings":{"title":"Featured Cashmere","frontpage_collection":"featured-scarves","frontpage_products_per_row":"3","frontpage_products_limit":"12"}}},"content_for_index":["1479351462524","1481509059475","1507433015035","1488870598441","1481508727922","1488869768668","1488869281564","1498988364690"]}}